listing_id,property_type,bedrooms,bathrooms,square_feet,price,location,age_years,garage,days_on_market,sold
1,House,3,2.0,2273.0,194318.0,Urban,9,True,23,True
2,House,1,2.5,,505337.0,Suburban,57,False,10,False
3,House,3,3.0,1677.0,520200.0,Suburban,34,True,30,True
4,House,5,3.0,2432.0,233572.0,Suburban,62,True,39,True
5,Apartment,5,2.5,2675.0,100000.0,Urban,35,False,8,False
6,House,3,1.5,1483.0,197901.0,Urban,49,False,20,False
7,Apartment,3,2.0,1776.0,624282.0,Suburban,18,False,101,True
8,House,2,3.0,1669.0,297602.0,Suburban,30,True,37,False
9,Condo,2,2.0,1461.0,100000.0,Suburban,24,False,55,False
10,House,2,2.0,1113.0,427111.0,Suburban,34,True,16,False
11,Apartment,3,1.5,2575.0,100000.0,Suburban,39,True,12,False
12,House,3,1.5,2134.0,327672.0,Suburban,15,True,70,False
13,Apartment,1,2.5,1734.0,,Suburban,9,True,27,True
14,House,1,1.5,990.0,310773.0,Suburban,49,False,18,False
15,Apartment,3,2.0,2365.0,287706.0,Urban,50,False,41,False
16,Condo,3,2.0,2065.0,100000.0,Suburban,31,True,4,True
17,Apartment,2,1.5,1705.0,1141031.0,Suburban,18,True,15,False
18,Apartment,3,2.0,581.0,267557.0,Urban,14,False,82,False
19,Apartment,2,2.5,748.0,366247.0,Rural,26,False,38,True
20,Apartment,5,2.5,1244.0,100000.0,Suburban,13,True,67,False
21,House,2,2.0,1102.0,642308.0,Suburban,17,True,9,True
22,House,2,2.0,2223.0,179607.0,Suburban,3,False,42,False
23,Apartment,2,1.0,2149.0,238736.0,Urban,56,True,5,True
24,Apartment,4,1.0,2494.0,396612.0,Suburban,49,True,74,False
25,House,2,2.0,1197.0,308527.0,Urban,20,False,79,False
26,House,3,2.0,,561700.0,Urban,18,False,49,False
27,Apartment,2,1.5,1851.0,430295.0,Urban,27,False,14,True
28,Condo,1,2.0,2010.0,148695.0,Suburban,10,True,38,False
29,Condo,2,2.0,2378.0,187863.0,Suburban,18,True,26,False
30,Apartment,1,2.0,2649.0,311148.0,Rural,22,False,44,False
31,Apartment,5,1.5,3092.0,351398.0,Suburban,23,False,15,False
32,Apartment,1,1.0,1433.0,634343.0,Suburban,34,True,36,True
33,House,5,3.0,1944.0,257848.0,Suburban,55,True,8,False
34,Apartment,3,2.5,1321.0,266921.0,Suburban,38,False,9,True
35,House,2,2.0,2433.0,559977.0,Urban,13,True,30,False
36,Apartment,2,1.0,1482.0,393308.0,Urban,57,True,32,True
37,House,2,1.0,1745.0,176497.0,Suburban,23,False,15,False
38,House,3,1.0,1976.0,275090.0,Suburban,30,True,35,False
39,House,3,2.0,1592.0,117125.0,Suburban,24,True,33,False
40,Condo,2,1.5,2628.0,311988.0,Suburban,62,False,106,True
41,House,2,2.0,1314.0,100000.0,Suburban,22,False,86,False
42,Condo,4,1.0,2366.0,437451.0,Urban,26,True,21,False
43,Condo,3,2.5,1604.0,273380.0,Urban,32,False,45,False
44,House,2,1.0,583.0,185878.0,Suburban,10,False,71,False
45,Townhouse,3,1.5,1733.0,548572.0,Urban,29,True,11,False
46,House,3,2.0,2000.0,210648.0,Urban,28,True,45,True
47,Apartment,4,1.0,2641.0,390562.0,Suburban,49,False,64,False
48,Townhouse,2,3.0,2812.0,193952.0,Suburban,53,False,60,False
49,House,3,1.0,2090.0,315470.0,Urban,2,False,6,False
50,House,2,1.0,686.0,410657.0,Suburban,86,False,108,True
51,House,1,2.0,1982.0,100000.0,Suburban,26,True,21,False
52,Condo,2,2.0,1429.0,347572.0,Suburban,18,True,51,True
53,Condo,1,3.0,1705.0,448766.0,Suburban,25,True,11,True
54,Townhouse,3,1.0,1042.0,146424.0,Suburban,36,True,27,True
55,Apartment,4,2.0,,187772.0,Urban,43,True,62,False
56,Townhouse,2,2.0,1508.0,560425.0,Suburban,45,True,71,True
57,House,3,2.0,1869.0,551028.0,Suburban,50,True,19,False
58,Apartment,1,2.0,1864.0,346067.0,Rural,30,True,16,False
59,Apartment,2,2.0,1153.0,406676.0,Suburban,25,True,57,False
60,House,3,2.5,807.0,181357.0,Urban,74,False,35,False
61,Condo,4,1.0,814.0,233319.0,Suburban,100,True,15,False
62,Condo,1,2.0,874.0,303198.0,Urban,13,True,61,False
63,Condo,3,2.0,1942.0,184024.0,Rural,42,False,22,True
64,Apartment,3,2.5,1979.0,339222.0,Suburban,21,False,19,False
65,House,3,1.5,2048.0,472848.0,Suburban,11,False,51,True
66,Apartment,3,1.5,954.0,118995.0,Urban,12,False,29,False
67,House,5,2.5,1316.0,216695.0,Suburban,34,False,95,True
68,House,2,1.5,1284.0,274516.0,Suburban,15,False,31,True
69,Townhouse,3,1.0,1823.0,561946.0,Urban,15,False,13,False
70,Apartment,3,2.0,1887.0,498122.0,Urban,41,True,39,False
71,Condo,1,2.5,2277.0,206852.0,Suburban,18,True,5,False
72,Apartment,2,1.0,1703.0,136282.0,Urban,64,False,15,True
73,House,2,2.5,3656.0,379001.0,Rural,12,False,95,True
74,Apartment,1,2.0,2347.0,167605.0,Urban,2,True,23,False
75,Apartment,1,3.0,1460.0,,Urban,8,False,145,True
76,House,5,1.0,1440.0,322540.0,Suburban,36,False,15,False
77,House,1,1.5,2121.0,467748.0,Urban,23,True,30,False
78,House,2,1.5,1462.0,194762.0,Suburban,15,True,8,False
79,Condo,1,2.5,1342.0,264971.0,Suburban,17,False,79,False
80,House,3,1.5,1530.0,100000.0,Urban,7,True,18,True
81,Condo,3,1.5,1920.0,455384.0,Rural,42,False,29,False
82,Apartment,1,2.5,1965.0,354455.0,Suburban,21,False,70,True
83,House,3,3.0,604.0,346822.0,Urban,20,True,44,False
84,Apartment,2,2.0,1435.0,,Suburban,30,False,13,False
85,Townhouse,3,3.0,2449.0,259367.0,Suburban,57,False,34,False
86,Apartment,2,2.0,3195.0,200531.0,Suburban,4,False,18,False
87,House,4,1.0,1779.0,586881.0,Urban,27,True,43,True
88,Townhouse,3,2.5,1913.0,124092.0,Suburban,89,True,35,True
89,House,2,1.5,1735.0,100000.0,Urban,50,True,41,True
90,Condo,4,1.5,2589.0,378891.0,Urban,27,True,10,True
91,House,4,2.5,1359.0,743517.0,Suburban,8,False,32,False
92,Condo,3,1.5,,451812.0,Rural,34,False,41,False
93,House,3,1.5,2631.0,142005.0,Suburban,18,True,48,False
94,House,3,3.0,2418.0,385371.0,Suburban,30,True,41,True
95,Apartment,2,1.0,1644.0,143218.0,Suburban,3,True,11,True
96,House,5,2.0,1993.0,147808.0,Urban,34,True,67,False
97,Townhouse,4,2.0,2661.0,100000.0,Rural,8,True,62,False
98,Apartment,3,1.5,2149.0,192568.0,Suburban,88,True,28,True
99,House,4,1.0,692.0,271827.0,Suburban,40,True,60,False
100,House,4,2.0,1851.0,219085.0,Suburban,39,True,37,True
101,Condo,3,2.0,1285.0,534160.0,Urban,37,True,10,True
102,House,3,2.0,2087.0,322195.0,Suburban,18,False,42,True
103,Apartment,1,2.5,1936.0,779291.0,Urban,26,False,7,False
104,House,3,2.0,1232.0,254485.0,Rural,46,True,22,False
105,Condo,3,2.0,2266.0,402125.0,Urban,11,False,42,False
106,House,2,1.0,,100000.0,Rural,26,False,18,False
107,House,2,2.0,1715.0,236827.0,Suburban,14,True,20,True
108,House,2,1.0,1703.0,127087.0,Suburban,37,True,14,False
109,House,2,1.0,1779.0,502846.0,Urban,10,True,72,False
110,Apartment,5,1.0,1869.0,374838.0,Rural,81,True,27,True
111,Townhouse,3,1.0,2165.0,183282.0,Suburban,45,False,18,True
112,Apartment,2,2.0,1704.0,463655.0,Suburban,32,True,18,False
113,Townhouse,2,2.0,2079.0,330006.0,Rural,32,True,55,False
114,House,4,1.0,2330.0,517970.0,Suburban,17,True,64,False
115,House,3,2.0,2613.0,,Urban,30,True,47,True
116,House,4,1.0,,632005.0,Urban,3,False,60,True
117,Condo,3,1.5,1245.0,297263.0,Urban,58,True,21,False
118,Townhouse,4,1.0,1036.0,200449.0,Urban,13,True,66,True
119,Condo,3,1.0,1559.0,239475.0,Suburban,70,True,6,False
120,Apartment,4,2.0,2261.0,143970.0,Rural,31,True,77,True
121,Apartment,2,2.5,694.0,126319.0,Urban,55,True,68,False
122,Condo,3,1.5,1311.0,303752.0,Rural,27,False,18,True
123,House,2,2.0,1211.0,230471.0,Suburban,27,True,7,True
124,Condo,3,2.0,1759.0,416855.0,Urban,37,True,13,False
125,Condo,3,2.5,2374.0,,Suburban,31,True,38,False
126,House,3,1.5,1186.0,216738.0,Urban,8,False,8,False
127,House,3,2.0,2354.0,100132.0,Urban,5,False,40,False
128,House,1,1.5,2798.0,936358.0,Urban,25,True,30,True
129,Apartment,2,2.5,2322.0,226187.0,Suburban,19,True,31,True
130,Townhouse,5,2.0,1458.0,100000.0,Suburban,29,True,63,False
131,House,4,1.0,723.0,294565.0,Urban,96,True,58,False
132,Apartment,3,2.0,2091.0,325912.0,Suburban,30,False,18,True
133,Apartment,3,1.0,2290.0,221724.0,Urban,1,True,61,True
134,House,1,3.0,1820.0,478618.0,Suburban,41,False,66,False
135,House,2,2.5,2778.0,437160.0,Urban,15,False,40,False
136,Apartment,4,2.0,500.0,159098.0,Urban,13,True,33,False
137,House,3,2.0,1868.0,491886.0,Suburban,13,True,70,False
138,House,5,2.0,2393.0,183234.0,Rural,21,True,17,False
139,Apartment,2,2.0,2395.0,551689.0,Urban,97,True,39,False
140,House,4,1.5,1393.0,210531.0,Suburban,32,True,135,True
141,Apartment,1,1.5,1532.0,307642.0,Suburban,32,True,77,False
142,House,1,1.5,2546.0,376189.0,Rural,10,False,26,False
143,Condo,1,2.5,1687.0,226616.0,Urban,58,True,40,True
144,Apartment,2,1.0,2071.0,395037.0,Suburban,16,False,9,False
145,House,1,2.0,1463.0,164674.0,Urban,85,True,1,True
146,House,2,2.0,1170.0,200828.0,Urban,2,True,22,True
147,Apartment,4,2.0,2204.0,113663.0,Suburban,28,False,41,True
148,House,4,1.0,1532.0,256885.0,Suburban,25,True,13,False
149,Condo,1,1.0,1724.0,350692.0,Suburban,9,True,19,True
150,Apartment,2,2.0,1793.0,159842.0,Urban,2,False,82,False
151,Condo,3,2.0,1431.0,662210.0,Urban,22,True,53,True
152,Apartment,3,1.0,900.0,160123.0,Urban,16,True,120,False
153,House,1,2.0,1732.0,291304.0,Urban,9,False,17,True
154,House,4,2.0,1698.0,552375.0,Urban,7,True,66,False
155,House,3,2.0,1418.0,297591.0,Rural,37,False,23,True
156,House,3,1.0,1761.0,,Suburban,32,True,12,True
157,House,1,1.0,2609.0,188834.0,Urban,71,True,51,False
158,Apartment,3,1.5,,163906.0,Urban,43,False,20,False
159,Apartment,3,1.0,500.0,149207.0,Suburban,24,True,30,False
160,House,3,2.5,2155.0,133423.0,Suburban,13,False,39,False
161,House,4,2.0,1470.0,578980.0,Suburban,28,True,85,False
162,House,1,2.5,1307.0,410684.0,Suburban,5,True,152,True
163,Condo,2,1.0,2420.0,,Suburban,20,True,22,True
164,Apartment,2,2.0,2118.0,395285.0,Urban,24,True,13,True
165,Apartment,3,2.5,1451.0,178273.0,Suburban,13,True,8,True
166,Apartment,3,2.0,1981.0,590899.0,Urban,13,False,34,False
167,Condo,4,2.0,1114.0,112184.0,Suburban,38,True,34,True
168,Condo,2,1.5,1079.0,477662.0,Urban,44,True,36,False
169,Apartment,2,1.0,1764.0,313155.0,Suburban,21,True,16,False
170,Apartment,4,3.0,1612.0,100000.0,Urban,25,True,9,False
171,Townhouse,3,1.0,1839.0,213796.0,Rural,36,True,42,True
172,House,3,2.0,,100000.0,Urban,48,True,24,True
173,Apartment,2,2.5,1789.0,306594.0,Urban,61,True,56,False
174,Apartment,2,3.0,1878.0,220058.0,Urban,22,True,74,True
175,Townhouse,1,3.0,1780.0,272440.0,Urban,27,True,38,True
176,House,4,2.0,935.0,257424.0,Suburban,33,False,80,True
177,Townhouse,4,1.0,1044.0,352933.0,Urban,7,False,51,True
178,Condo,3,2.0,2796.0,,Urban,20,True,12,False
179,House,1,2.0,545.0,254832.0,Urban,5,False,42,True
180,House,2,2.0,2284.0,172411.0,Rural,21,True,26,False
181,House,2,2.0,1516.0,349362.0,Urban,10,False,62,True
182,Apartment,3,2.5,1673.0,203017.0,Urban,38,True,28,False
183,Condo,2,2.0,1141.0,205165.0,Urban,65,False,9,False
184,Condo,3,2.5,585.0,154312.0,Suburban,85,False,50,False
185,Apartment,2,3.0,1881.0,583585.0,Rural,62,True,84,True
186,House,2,2.5,1442.0,182802.0,Suburban,30,True,54,False
187,House,2,2.5,1923.0,317037.0,Rural,9,True,23,False
188,House,2,2.5,2112.0,104866.0,Urban,8,True,74,False
189,Apartment,2,2.5,2492.0,152339.0,Rural,38,False,35,False
190,House,2,1.5,2021.0,174245.0,Urban,24,True,28,True
191,Condo,4,3.0,2113.0,197517.0,Suburban,29,True,34,False
192,Condo,5,2.5,1670.0,117177.0,Urban,46,True,28,False
193,House,4,2.5,500.0,100000.0,Urban,5,True,62,False
194,Apartment,2,1.0,2343.0,150856.0,Urban,38,False,13,False
195,Condo,4,1.5,1427.0,313191.0,Urban,23,False,21,True
196,Townhouse,1,1.5,500.0,146316.0,Suburban,34,True,69,False
197,Apartment,2,1.0,1554.0,493613.0,Suburban,57,False,43,False
198,Townhouse,2,3.0,780.0,,Rural,3,True,37,True
199,Condo,1,2.0,1722.0,106641.0,Urban,35,True,27,True
200,House,5,2.5,2050.0,182930.0,Suburban,49,True,130,False
201,House,3,2.0,1627.0,318029.0,Urban,34,False,5,False
202,House,5,3.0,1896.0,208866.0,Urban,56,False,10,True
203,House,2,3.0,1824.0,344096.0,Urban,28,False,52,False
204,House,5,2.0,2701.0,609357.0,Suburban,15,True,22,False
205,Apartment,3,2.0,1851.0,373289.0,Urban,44,True,53,True
206,House,3,1.5,1357.0,256149.0,Suburban,5,True,65,True
207,Apartment,4,3.0,1509.0,273516.0,Suburban,5,True,92,False
208,House,3,2.5,1616.0,100000.0,Rural,19,False,19,True
209,Condo,4,1.5,1369.0,349739.0,Suburban,35,False,48,False
210,House,3,2.0,864.0,201872.0,Urban,50,True,32,False
211,Condo,3,2.0,1206.0,878092.0,Suburban,46,True,10,True
212,House,3,1.0,1448.0,,Urban,27,False,35,True
213,Townhouse,4,3.0,1445.0,309078.0,Urban,4,True,100,False
214,Townhouse,1,1.0,2324.0,100000.0,Suburban,24,False,90,False
215,Townhouse,3,2.5,2527.0,251706.0,Suburban,19,True,42,True
216,House,2,2.0,2041.0,245462.0,Suburban,19,True,32,False
217,House,4,2.5,,110176.0,Suburban,36,False,62,False
218,Apartment,5,2.0,1710.0,806065.0,Urban,34,True,33,False
219,Condo,4,1.0,2332.0,310260.0,Suburban,20,True,4,True
220,Condo,3,2.0,2138.0,100000.0,Rural,17,True,34,False
221,House,4,2.5,2297.0,506907.0,Urban,41,True,85,True
222,Condo,4,1.5,633.0,100000.0,Suburban,22,False,61,False
223,Apartment,4,1.0,3133.0,217297.0,Suburban,27,True,44,False
224,House,3,2.0,1064.0,465480.0,Urban,29,True,55,True
225,House,1,2.5,1997.0,601904.0,Urban,22,False,74,True
226,Townhouse,4,2.5,1665.0,,Suburban,13,False,34,True
227,House,4,3.0,1085.0,197769.0,Suburban,37,True,25,True
228,House,3,2.5,1411.0,278118.0,Urban,92,True,59,True
229,Condo,3,1.0,1864.0,291293.0,Suburban,27,True,43,True
230,Apartment,5,2.5,1317.0,150607.0,Rural,34,False,56,True
231,House,3,2.5,1623.0,376370.0,Suburban,9,True,45,False
232,Townhouse,2,1.0,1609.0,482895.0,Rural,6,True,56,False
233,House,2,2.5,1158.0,156340.0,Suburban,30,True,93,False
234,Apartment,1,1.5,1545.0,263713.0,Urban,26,False,50,False
235,Apartment,3,2.0,2374.0,,Suburban,7,True,15,True
236,Apartment,1,1.5,1256.0,304412.0,Suburban,19,True,55,False
237,Apartment,4,2.0,2411.0,131203.0,Suburban,19,False,25,False
238,House,2,1.5,849.0,294985.0,Urban,59,False,79,True
239,Townhouse,2,2.0,1596.0,218712.0,Urban,19,False,61,True
240,Apartment,4,2.5,2311.0,100000.0,Urban,17,True,30,True
241,House,1,1.0,2216.0,254530.0,Suburban,19,True,51,False
242,Condo,3,2.0,2869.0,140381.0,Urban,53,True,20,True
243,House,2,1.0,1601.0,100000.0,Urban,15,True,142,True
244,Condo,1,1.0,1536.0,218759.0,Suburban,30,True,36,True
245,Apartment,2,3.0,629.0,255831.0,Suburban,8,False,53,False
246,House,3,2.0,1399.0,166135.0,Rural,30,False,49,False
247,House,3,2.0,1761.0,248646.0,Urban,12,True,24,True
248,Townhouse,1,2.0,2299.0,262822.0,Urban,46,True,13,False
249,House,4,2.5,500.0,131265.0,Urban,48,True,18,True
250,Apartment,2,2.0,1316.0,507675.0,Urban,86,True,43,False
251,House,3,2.5,2436.0,365493.0,Urban,4,True,56,False
252,Condo,2,3.0,2118.0,300629.0,Suburban,18,False,38,False
253,Condo,3,2.5,976.0,522037.0,Urban,24,True,26,True
254,Condo,4,1.0,,253777.0,Suburban,7,True,13,False
255,House,1,2.0,2094.0,411760.0,Urban,2,True,65,False
256,Condo,4,2.0,2806.0,,Suburban,86,False,21,False
257,House,1,2.0,1926.0,276847.0,Urban,95,False,94,True
258,House,3,1.5,2096.0,150735.0,Urban,16,True,67,False
259,Apartment,2,3.0,2485.0,134113.0,Urban,75,True,65,True
260,Apartment,2,2.5,1771.0,198629.0,Urban,40,True,51,False
261,House,2,2.5,2260.0,160203.0,Suburban,48,True,66,True
262,House,3,3.0,1356.0,415251.0,Urban,68,True,24,False
263,House,2,2.5,1281.0,332300.0,Urban,11,True,35,False
264,House,3,2.0,2595.0,267746.0,Urban,38,True,38,False
265,Apartment,1,2.0,,564113.0,Suburban,16,True,60,False
266,Apartment,3,2.5,2231.0,624694.0,Urban,44,False,48,False
267,Townhouse,3,3.0,1856.0,169448.0,Suburban,9,True,89,False
268,House,1,2.0,1740.0,212927.0,Suburban,4,False,39,False
269,House,3,2.0,2361.0,260130.0,Rural,42,False,22,True
270,Condo,3,2.5,2025.0,150473.0,Urban,4,False,37,True
271,Apartment,1,2.5,1750.0,546522.0,Suburban,25,True,6,True
272,House,1,3.0,1956.0,,Suburban,79,True,76,False
273,Condo,2,2.5,1794.0,329857.0,Suburban,37,True,74,False
274,House,2,1.5,2043.0,,Suburban,21,True,19,False
275,House,3,1.0,1635.0,109590.0,Urban,36,True,37,True
276,House,1,2.5,2294.0,139516.0,Suburban,40,False,44,False
277,Apartment,5,3.0,1002.0,177533.0,Urban,56,True,74,True
278,Apartment,3,3.0,,360249.0,Suburban,1,True,6,False
279,Condo,1,3.0,2215.0,100000.0,Urban,14,True,65,True
280,House,4,2.5,1033.0,385546.0,Suburban,21,True,33,True
281,House,2,2.0,3280.0,260027.0,Urban,20,False,48,True
282,Apartment,2,3.0,1450.0,,Suburban,15,True,30,False
283,House,1,2.0,1699.0,337067.0,Urban,40,True,33,False
284,Condo,3,2.5,1390.0,398283.0,Suburban,41,False,56,False
285,House,1,1.5,1918.0,359694.0,Suburban,25,True,56,False
286,Apartment,3,2.0,1518.0,295822.0,Urban,17,True,83,False
287,Townhouse,2,1.0,2721.0,199689.0,Suburban,16,True,39,False
288,House,2,1.0,1443.0,225236.0,Urban,22,False,22,False
289,Condo,3,2.5,2062.0,,Rural,36,True,5,False
290,Apartment,3,3.0,1652.0,151062.0,Suburban,53,True,41,False
291,House,3,2.0,1567.0,355300.0,Suburban,52,True,14,False
292,Condo,4,2.0,,287232.0,Rural,39,True,55,False
293,House,3,3.0,1146.0,243569.0,Urban,16,True,68,False
294,Apartment,4,2.5,1302.0,373039.0,Urban,34,False,40,False
295,House,3,1.0,2013.0,505259.0,Suburban,11,False,106,True
296,Apartment,4,1.0,,308078.0,Rural,6,False,20,True
297,House,5,3.0,1786.0,231168.0,Suburban,19,True,97,True
298,Condo,2,2.0,2666.0,274636.0,Urban,25,False,2,True
299,Apartment,3,2.0,2274.0,243953.0,Suburban,17,True,13,True
300,House,3,2.0,1270.0,102118.0,Urban,13,True,42,False
301,Apartment,4,2.5,1414.0,169456.0,Suburban,30,False,39,False
302,House,2,2.5,1167.0,254885.0,Rural,75,True,17,True
303,House,2,3.0,,161859.0,Suburban,49,False,18,False
304,House,1,2.0,2381.0,307220.0,Urban,35,True,27,True
305,Townhouse,4,2.0,2443.0,176336.0,Urban,21,True,47,False
306,House,2,2.5,1353.0,478589.0,Suburban,51,False,55,True
307,Apartment,4,2.0,1862.0,1163614.0,Urban,10,True,90,False
308,House,3,2.0,1719.0,157933.0,Suburban,56,False,31,False
309,House,2,3.0,2043.0,277656.0,Urban,10,False,43,False
310,House,4,2.5,2113.0,200089.0,Urban,3,True,27,False
311,Townhouse,4,2.0,2131.0,340008.0,Suburban,19,True,26,True
312,House,2,2.5,1183.0,141792.0,Suburban,19,True,44,True
313,Condo,3,1.5,1302.0,733217.0,Suburban,22,True,31,False
314,Apartment,1,2.0,,235821.0,Urban,19,False,70,False
315,Apartment,2,2.5,2119.0,590356.0,Rural,23,True,109,True
316,Townhouse,3,2.5,2059.0,104551.0,Urban,31,False,40,True
317,Condo,2,1.0,2375.0,170550.0,Urban,38,True,52,False
318,House,1,3.0,500.0,106973.0,Urban,17,True,7,True
319,Apartment,3,2.5,2115.0,785747.0,Urban,13,True,48,True
320,House,5,2.5,950.0,714968.0,Urban,15,True,14,True
321,Apartment,3,2.0,2205.0,,Rural,30,True,29,True
322,House,4,1.5,,252975.0,Rural,32,True,51,True
323,Apartment,4,2.0,2361.0,279423.0,Suburban,37,False,42,False
324,Townhouse,3,2.0,1321.0,459918.0,Urban,79,False,47,True
325,Apartment,1,1.0,2867.0,402280.0,Urban,18,False,50,False
326,House,3,3.0,1718.0,217560.0,Suburban,33,True,25,False
327,Condo,3,2.0,1370.0,265358.0,Urban,5,True,38,False
328,House,3,1.0,1851.0,850115.0,Urban,34,False,20,True
329,House,2,2.0,2354.0,311823.0,Urban,15,False,69,False
330,Apartment,4,2.0,1732.0,187221.0,Rural,1,True,15,False
331,Condo,4,1.0,1553.0,146692.0,Urban,20,True,59,True
332,Apartment,3,1.0,912.0,368255.0,Suburban,9,True,22,False
333,Townhouse,1,1.0,,378946.0,Suburban,0,True,20,True
334,Apartment,4,1.0,1992.0,186007.0,Urban,9,True,34,False
335,Apartment,2,1.0,1027.0,287278.0,Urban,30,False,10,True
336,House,4,3.0,1282.0,109246.0,Urban,19,False,43,True
337,House,3,2.5,3159.0,400413.0,Suburban,19,False,44,False
338,House,2,2.5,1944.0,,Urban,46,False,62,False
339,Townhouse,3,1.0,1552.0,573141.0,Suburban,38,False,24,True
340,Apartment,4,2.0,1439.0,438128.0,Urban,22,True,21,False
341,Apartment,3,3.0,2645.0,379968.0,Suburban,62,True,34,True
342,House,3,3.0,1793.0,272608.0,Suburban,7,True,42,False
343,House,2,1.0,2053.0,187490.0,Urban,8,True,13,False
344,House,2,2.0,1970.0,187196.0,Suburban,71,False,4,True
345,House,3,2.0,2969.0,,Urban,1,True,43,True
346,Townhouse,1,1.0,1364.0,100000.0,Suburban,6,True,101,False
347,Apartment,3,1.0,1084.0,107539.0,Urban,2,False,73,False
348,Condo,4,2.0,1860.0,463124.0,Urban,29,True,9,False
349,Apartment,4,2.5,2090.0,312951.0,Urban,57,True,34,False
350,House,3,2.5,1800.0,105056.0,Urban,64,False,65,False
351,Apartment,1,2.0,1397.0,230668.0,Rural,5,True,34,False
352,House,3,2.5,1111.0,400069.0,Urban,18,True,13,False
353,Townhouse,1,2.5,863.0,272709.0,Urban,49,True,10,False
354,House,3,2.5,2081.0,208722.0,Rural,57,True,24,False
355,House,1,3.0,549.0,485863.0,Urban,100,True,28,False
356,House,1,2.0,2003.0,111786.0,Suburban,42,True,26,False
357,Townhouse,3,2.5,1662.0,223053.0,Suburban,12,True,27,False
358,House,2,2.5,2753.0,122934.0,Urban,65,False,10,False
359,House,2,3.0,2139.0,187334.0,Suburban,26,True,13,False
360,Apartment,5,2.0,3062.0,254196.0,Urban,19,True,12,True
361,House,2,3.0,1961.0,373901.0,Urban,25,False,2,False
362,Apartment,4,2.0,887.0,182189.0,Suburban,2,True,12,False
363,Apartment,2,2.0,1347.0,207469.0,Suburban,22,False,19,False
364,House,4,1.5,500.0,310495.0,Urban,2,True,36,True
365,Condo,2,3.0,2080.0,100000.0,Urban,17,False,22,True
366,Apartment,2,1.5,2587.0,390214.0,Suburban,23,True,10,True
367,Condo,2,1.5,1515.0,233839.0,Urban,59,False,4,False
368,House,3,1.5,1208.0,570608.0,Suburban,15,False,46,False
369,Apartment,2,2.0,2404.0,214803.0,Suburban,4,True,21,True
370,Apartment,3,2.5,2652.0,118253.0,Urban,93,True,18,True
371,House,3,3.0,2186.0,230341.0,Urban,25,False,36,False
372,Condo,3,2.0,2170.0,,Suburban,6,True,6,False
373,House,3,2.0,1148.0,231116.0,Suburban,29,True,31,False
374,Apartment,3,2.0,1158.0,178413.0,Suburban,37,True,36,False
375,Townhouse,1,3.0,1097.0,403301.0,Urban,21,True,18,False
376,Condo,2,1.5,1719.0,100000.0,Suburban,15,False,65,False
377,Condo,3,1.0,1007.0,,Urban,25,True,25,True
378,House,2,1.5,2204.0,501431.0,Suburban,21,False,58,False
379,Condo,3,2.5,1911.0,100000.0,Urban,38,True,62,False
380,House,1,1.0,1927.0,,Urban,47,True,45,False
381,House,2,2.0,2931.0,496833.0,Suburban,58,True,47,True
382,Apartment,4,1.5,3215.0,180977.0,Suburban,45,True,23,True
383,House,1,1.0,2548.0,298659.0,Suburban,96,True,18,True
384,House,1,2.0,2397.0,196036.0,Rural,68,False,36,False
385,Condo,2,2.5,1282.0,516561.0,Urban,11,False,19,False
386,Apartment,4,1.5,1703.0,208121.0,Rural,34,False,2,False
387,Apartment,3,1.0,3098.0,247709.0,Suburban,9,False,32,False
388,Condo,3,2.0,2094.0,809539.0,Suburban,32,True,12,False
389,Condo,3,2.5,,514663.0,Suburban,25,False,46,False
390,Apartment,4,2.0,1464.0,100000.0,Urban,47,True,13,True
391,Condo,3,1.0,1464.0,,Urban,74,True,7,False
392,Condo,3,1.0,2164.0,186166.0,Suburban,13,True,42,True
393,House,4,1.0,1534.0,100000.0,Urban,26,False,64,False
394,House,2,3.0,1852.0,248742.0,Rural,17,True,22,False
395,Condo,3,2.0,1603.0,168326.0,Urban,30,True,45,False
396,House,2,2.0,1653.0,391220.0,Urban,18,True,20,True
397,House,1,1.0,1720.0,262054.0,Rural,41,True,54,True
398,Apartment,3,2.0,1426.0,458239.0,Urban,30,True,14,False
399,Apartment,3,2.5,1575.0,224473.0,Suburban,37,False,45,True
400,Condo,3,2.5,2219.0,157678.0,Suburban,3,True,25,False
401,House,2,1.0,1173.0,761591.0,Urban,48,True,109,False
402,Apartment,4,2.5,1663.0,138540.0,Suburban,25,False,41,True
403,Condo,2,1.0,2536.0,,Urban,42,True,25,True
404,Townhouse,3,2.5,1146.0,878826.0,Rural,19,False,91,False
405,Apartment,4,1.0,500.0,132981.0,Suburban,66,True,11,False
406,House,3,1.5,854.0,214253.0,Urban,5,False,56,False
407,Apartment,2,2.5,1696.0,239751.0,Urban,41,True,50,False
408,House,3,2.0,1611.0,,Suburban,49,True,81,False
409,Townhouse,2,1.0,2694.0,410856.0,Suburban,58,False,56,True
410,Townhouse,3,1.0,2262.0,183543.0,Suburban,33,True,30,True
411,House,1,1.5,2458.0,287132.0,Rural,34,False,89,False
412,Apartment,5,2.5,1852.0,318175.0,Urban,56,True,80,False
413,Condo,3,2.0,1457.0,142811.0,Suburban,43,True,36,False
414,House,2,1.0,2528.0,376139.0,Urban,14,False,44,True
415,Apartment,2,1.5,1508.0,189415.0,Suburban,33,False,41,False
416,House,3,2.0,1494.0,268208.0,Suburban,49,True,36,True
417,Apartment,3,1.0,1390.0,364347.0,Suburban,7,True,31,True
418,House,2,2.0,2350.0,187985.0,Suburban,100,False,136,True
419,Apartment,3,2.5,1688.0,251367.0,Suburban,29,False,56,False
420,Apartment,4,2.0,2009.0,663891.0,Rural,13,True,66,False
421,House,4,2.5,1520.0,298147.0,Suburban,27,True,36,False
422,House,2,2.0,3043.0,465116.0,Urban,62,False,69,False
423,Apartment,2,2.0,2871.0,400737.0,Suburban,23,False,50,True
424,House,4,2.5,1667.0,431584.0,Rural,82,True,5,False
425,Townhouse,2,2.0,1070.0,192017.0,Urban,23,False,26,False
426,House,4,2.5,1692.0,336492.0,Urban,100,True,35,False
427,Apartment,3,2.5,3806.0,212097.0,Suburban,11,True,7,False
428,House,2,3.0,1886.0,263530.0,Rural,23,True,18,True
429,Apartment,3,1.5,801.0,174474.0,Suburban,31,True,105,True
430,House,4,1.5,1499.0,276895.0,Urban,29,False,16,True
431,Apartment,4,2.0,1338.0,353628.0,Suburban,22,False,21,True
432,Condo,2,2.5,2569.0,404137.0,Urban,9,False,27,False
433,Condo,5,1.5,1082.0,492724.0,Suburban,20,True,44,False
434,Townhouse,3,1.5,2545.0,203534.0,Urban,34,True,32,False
435,House,2,1.0,1171.0,678816.0,Suburban,21,True,129,False
436,Apartment,3,2.5,1519.0,274720.0,Suburban,26,True,45,False
437,Apartment,3,2.0,1347.0,,Urban,9,True,35,True
438,Apartment,3,2.5,841.0,243570.0,Suburban,32,False,12,True
439,Condo,1,2.0,1485.0,100000.0,Urban,9,True,1,True
440,Apartment,1,2.5,2124.0,295866.0,Urban,40,True,17,False
441,House,3,1.0,1166.0,170248.0,Rural,17,False,27,False
442,House,2,2.0,1885.0,217822.0,Suburban,11,True,10,False
443,Condo,1,2.0,500.0,265316.0,Suburban,25,True,15,True
444,Apartment,4,2.5,1648.0,401616.0,Suburban,29,True,19,False
445,Apartment,4,3.0,1918.0,321636.0,Suburban,31,False,34,True
446,House,3,3.0,1702.0,237496.0,Suburban,15,False,19,True
447,House,2,2.0,3144.0,330204.0,Suburban,14,True,34,True
448,House,5,2.0,1374.0,424556.0,Suburban,12,False,23,False
449,House,2,1.0,1143.0,,Suburban,34,False,18,True
450,Townhouse,1,2.5,2023.0,162749.0,Suburban,38,True,53,False
451,House,4,2.5,1462.0,325156.0,Suburban,3,False,7,False
452,House,2,2.5,1025.0,,Rural,16,False,40,False
453,Apartment,3,3.0,500.0,100000.0,Urban,9,True,20,False
454,Apartment,2,2.0,2282.0,100000.0,Urban,13,True,58,True
455,Condo,3,1.5,1907.0,224098.0,Urban,5,True,14,False
456,Condo,3,2.0,2616.0,125989.0,Urban,26,False,4,False
457,Condo,2,2.0,1963.0,227944.0,Urban,2,False,28,True
458,Townhouse,2,1.5,2059.0,210993.0,Suburban,29,True,75,False
459,House,1,2.5,2394.0,422356.0,Urban,7,False,13,True
460,Apartment,2,1.5,2363.0,511260.0,Suburban,20,False,23,False
461,Apartment,5,2.0,2015.0,237616.0,Rural,19,True,47,True
462,Apartment,1,1.0,1888.0,103582.0,Urban,46,True,31,False
463,House,1,2.5,,268244.0,Suburban,20,True,22,True
464,Condo,1,1.0,761.0,219560.0,Urban,3,False,35,False
465,Townhouse,3,3.0,1894.0,,Urban,3,False,131,True
466,Condo,1,3.0,1376.0,182324.0,Suburban,16,True,54,False
467,House,3,1.5,2388.0,291001.0,Suburban,38,True,108,False
468,House,2,1.0,1861.0,155660.0,Urban,29,True,42,False
469,Apartment,4,1.0,1841.0,381478.0,Suburban,16,True,42,False
470,Apartment,2,1.0,2601.0,298410.0,Rural,41,True,50,True
471,Apartment,4,3.0,1990.0,732354.0,Suburban,26,True,39,True
472,House,3,2.5,1385.0,109853.0,Suburban,18,True,26,True
473,Condo,5,1.0,1511.0,323035.0,Rural,32,True,21,False
474,Apartment,3,3.0,674.0,181946.0,Suburban,19,False,34,True
475,House,5,2.0,2825.0,230835.0,Suburban,15,False,35,True
476,Townhouse,3,3.0,1184.0,232994.0,Suburban,14,True,42,True
477,House,2,2.5,1674.0,195950.0,Rural,26,True,68,False
478,House,3,2.0,1653.0,381069.0,Urban,10,True,89,True
479,Apartment,3,1.0,693.0,140462.0,Urban,30,False,8,False
480,Apartment,4,1.0,2232.0,286943.0,Suburban,25,False,64,False
481,Apartment,3,2.0,2621.0,297805.0,Urban,36,False,41,False
482,House,4,2.0,1659.0,406615.0,Urban,26,True,19,False
483,Townhouse,3,2.0,1820.0,365648.0,Suburban,50,False,65,True
484,Apartment,4,3.0,,367893.0,Suburban,100,True,34,True
485,Condo,4,3.0,,135158.0,Suburban,22,False,53,True
486,Townhouse,2,2.0,,526778.0,Suburban,21,False,26,True
487,Condo,2,1.5,1518.0,248840.0,Suburban,28,False,26,True
488,House,3,1.5,1712.0,119087.0,Suburban,58,True,31,False
489,House,3,3.0,2721.0,115344.0,Urban,55,True,92,False
490,House,4,3.0,2592.0,412440.0,Urban,46,False,23,False
491,Apartment,3,3.0,500.0,141961.0,Urban,41,False,40,False
492,Apartment,3,1.5,1322.0,338451.0,Suburban,20,True,16,True
493,House,2,2.0,1907.0,321355.0,Urban,9,True,74,True
494,Condo,3,2.0,906.0,,Rural,23,False,135,True
495,House,1,1.5,1076.0,544535.0,Suburban,35,False,23,False
496,Condo,3,1.0,2245.0,480270.0,Suburban,100,True,10,False
497,Condo,5,2.5,1604.0,261788.0,Urban,8,False,151,False
498,House,2,1.5,2624.0,363816.0,Urban,10,True,68,False
499,Condo,1,2.0,974.0,281800.0,Suburban,9,True,36,False
500,House,3,2.0,2276.0,220872.0,Urban,16,True,8,True
501,Condo,3,3.0,2564.0,465809.0,Urban,40,False,57,False
502,Apartment,3,2.5,1742.0,304248.0,Urban,35,True,75,False
503,Apartment,2,2.0,2322.0,447260.0,Urban,28,True,7,False
504,Apartment,1,1.0,1773.0,588261.0,Suburban,59,True,6,False
505,Apartment,4,2.0,2152.0,566036.0,Urban,59,True,19,False
506,House,2,1.5,1804.0,179043.0,Urban,10,True,87,True
507,Apartment,3,2.0,1220.0,418667.0,Rural,12,False,19,True
508,House,3,1.5,1916.0,316801.0,Urban,8,False,18,False
509,Townhouse,1,1.0,1200.0,477648.0,Rural,12,False,70,False
510,House,2,2.5,1358.0,377775.0,Urban,14,True,108,False
511,Apartment,1,2.0,1859.0,149087.0,Suburban,18,True,3,False
512,Apartment,3,1.5,2071.0,422402.0,Suburban,41,True,11,True
513,Apartment,3,2.0,1351.0,473703.0,Suburban,68,False,16,False
514,House,2,2.0,1055.0,106179.0,Suburban,29,True,13,False
515,Apartment,3,2.0,2388.0,282991.0,Suburban,33,False,88,False
516,Condo,3,2.0,2129.0,100000.0,Suburban,4,False,12,False
517,House,2,2.0,1206.0,256792.0,Urban,17,False,90,True
518,House,2,1.0,815.0,315671.0,Urban,15,True,8,True
519,House,3,1.0,1946.0,100000.0,Suburban,27,True,9,True
520,Apartment,3,1.5,1767.0,225245.0,Rural,33,True,38,False
521,Apartment,3,2.0,1928.0,100000.0,Urban,15,True,14,False
522,House,4,2.0,2229.0,213014.0,Urban,36,True,24,True
523,Condo,1,2.0,2008.0,543933.0,Suburban,28,False,32,False
524,House,3,1.0,995.0,254589.0,Rural,37,False,49,True
525,House,3,3.0,2054.0,275427.0,Suburban,67,True,78,False
526,Condo,2,2.0,1724.0,396731.0,Rural,12,True,30,False
527,Townhouse,2,1.0,2394.0,794828.0,Suburban,45,False,36,False
528,House,3,2.0,1620.0,338681.0,Suburban,15,False,43,False
529,Condo,2,3.0,644.0,154473.0,Suburban,23,False,43,True
530,Apartment,3,3.0,1542.0,304283.0,Suburban,39,True,7,True
531,Townhouse,3,1.0,1353.0,364201.0,Urban,44,True,15,False
532,Apartment,2,2.5,1853.0,100000.0,Urban,8,False,46,True
533,Apartment,1,2.0,2202.0,314122.0,Rural,1,False,17,False
534,House,1,1.0,1308.0,348890.0,Urban,17,False,47,False
535,House,3,2.5,2735.0,496820.0,Urban,40,True,69,False
536,Apartment,4,2.0,1736.0,230043.0,Suburban,100,True,46,False
537,Apartment,2,1.0,849.0,118058.0,Urban,23,False,59,True
538,Apartment,1,2.5,1919.0,601434.0,Urban,15,True,4,True
539,Condo,4,2.5,644.0,178100.0,Urban,35,True,50,True
540,House,4,1.0,2291.0,219672.0,Urban,10,False,8,False
541,Apartment,4,1.5,972.0,368554.0,Suburban,89,False,68,False
542,House,3,1.5,1038.0,326718.0,Urban,10,True,79,False
543,Apartment,1,2.0,2250.0,365657.0,Urban,25,False,46,False
544,House,1,1.5,1796.0,206561.0,Urban,67,True,58,False
545,Apartment,5,2.5,1892.0,187606.0,Suburban,33,False,32,False
546,Condo,4,2.5,1589.0,288803.0,Urban,12,False,40,False
547,Apartment,3,1.0,1655.0,559242.0,Suburban,19,True,14,False
548,House,1,2.5,2557.0,611908.0,Urban,11,False,10,True
549,House,1,3.0,1327.0,229465.0,Urban,13,False,52,False
550,House,2,2.0,1645.0,160494.0,Urban,40,False,35,False
551,Condo,3,1.0,1157.0,260653.0,Suburban,4,True,14,True
552,House,5,2.5,1439.0,414900.0,Suburban,32,False,67,False
553,House,3,2.0,,434912.0,Suburban,48,False,10,True
554,Condo,4,2.0,1806.0,168076.0,Urban,19,True,33,True
555,Townhouse,4,2.0,1415.0,100000.0,Urban,46,False,52,False
556,Townhouse,2,1.5,1494.0,268404.0,Urban,65,True,45,False
557,Apartment,3,1.0,1268.0,577764.0,Urban,67,True,51,True
558,Apartment,3,2.5,1057.0,492343.0,Suburban,24,True,25,False
559,House,2,3.0,1412.0,649411.0,Urban,22,False,68,True
560,House,3,3.0,1273.0,345938.0,Suburban,18,True,13,True
561,Apartment,1,1.0,1772.0,174284.0,Urban,47,True,42,True
562,House,4,2.0,1179.0,287295.0,Urban,26,True,81,True
563,Townhouse,2,1.5,2416.0,293043.0,Suburban,2,True,49,True
564,Apartment,2,1.5,1187.0,237026.0,Suburban,17,False,61,False
565,House,3,1.5,1818.0,537436.0,Suburban,44,False,60,True
566,House,4,3.0,1773.0,108983.0,Urban,9,True,28,False
567,House,3,3.0,,188630.0,Suburban,48,False,55,False
568,House,2,1.0,1459.0,266451.0,Urban,40,False,11,False
569,Townhouse,4,2.0,2964.0,238576.0,Rural,11,False,200,False
570,House,3,2.0,2378.0,100000.0,Suburban,5,False,34,False
571,House,2,1.5,2581.0,137939.0,Rural,32,True,20,True
572,Condo,2,1.0,2256.0,338600.0,Suburban,15,True,5,True
573,House,1,1.0,2071.0,206850.0,Suburban,91,True,25,False
574,Apartment,2,2.5,1602.0,317017.0,Suburban,11,False,29,False
575,House,3,2.0,1441.0,310861.0,Suburban,33,False,14,False
576,House,2,2.0,2638.0,884181.0,Urban,100,True,1,False
577,House,2,1.5,2122.0,180915.0,Suburban,100,True,12,True
578,House,1,2.5,1951.0,612461.0,Urban,7,False,44,False
579,House,4,1.0,1104.0,227785.0,Suburban,10,True,5,False
580,Condo,2,1.0,1968.0,328937.0,Suburban,34,False,43,True
581,Condo,2,2.0,,973108.0,Suburban,12,True,79,True
582,Apartment,5,2.0,2048.0,170487.0,Suburban,24,True,25,True
583,House,3,1.0,1200.0,445774.0,Suburban,47,True,8,True
584,Condo,3,2.5,,100000.0,Rural,58,True,67,False
585,Apartment,1,2.0,1714.0,311193.0,Urban,25,True,61,False
586,House,3,2.5,1056.0,279682.0,Suburban,48,False,30,False
587,Condo,3,2.0,1860.0,361109.0,Urban,21,True,37,False
588,Condo,4,2.0,1158.0,349563.0,Urban,33,False,19,False
589,House,3,1.0,965.0,152457.0,Urban,25,True,10,True
590,Condo,4,2.5,1403.0,139306.0,Suburban,36,True,35,True
591,Apartment,4,1.0,1640.0,100000.0,Urban,84,True,32,True
592,Townhouse,1,1.5,2487.0,550479.0,Suburban,15,True,74,False
593,Condo,5,2.0,1629.0,389237.0,Rural,14,False,54,False
594,House,1,1.5,1635.0,552465.0,Suburban,45,True,29,True
595,House,1,1.0,2504.0,415802.0,Urban,27,True,35,False
596,House,2,2.5,1821.0,113043.0,Suburban,13,True,18,True
597,Condo,3,2.0,1668.0,349319.0,Urban,22,True,25,False
598,Apartment,2,2.5,2438.0,217224.0,Urban,10,True,21,False
599,House,3,1.5,1971.0,197674.0,Rural,36,True,36,True
600,Condo,5,2.0,2080.0,109990.0,Suburban,67,False,4,False
601,Apartment,3,2.0,2145.0,186530.0,Suburban,51,True,152,False
602,Condo,1,2.0,1545.0,182071.0,Urban,84,False,23,False
603,Condo,4,3.0,2162.0,824499.0,Urban,15,False,33,True
604,Apartment,1,2.0,2227.0,557249.0,Urban,9,True,31,True
605,House,3,2.0,1866.0,477927.0,Urban,2,False,60,True
606,House,3,3.0,2395.0,264398.0,Urban,23,False,65,True
607,Condo,3,1.0,1846.0,243745.0,Suburban,33,False,59,True
608,Condo,3,1.5,2677.0,122693.0,Rural,35,False,99,True
609,Apartment,3,1.5,1459.0,501255.0,Rural,36,True,7,False
610,Townhouse,3,2.0,1700.0,225990.0,Urban,25,True,5,True
611,House,4,1.0,1390.0,529513.0,Urban,35,True,17,False
612,Condo,2,2.0,,484813.0,Urban,21,False,44,False
613,Apartment,5,1.5,1201.0,351070.0,Urban,40,False,109,True
614,Condo,3,3.0,2014.0,523105.0,Suburban,14,False,16,True
615,Apartment,3,1.0,2095.0,,Suburban,63,True,58,False
616,House,3,2.0,2517.0,278539.0,Suburban,16,True,30,False
617,Apartment,4,2.0,1903.0,718295.0,Suburban,23,True,26,True
618,House,3,2.0,1791.0,358165.0,Urban,75,False,42,True
619,House,1,1.5,2499.0,442524.0,Urban,41,True,49,False
620,Apartment,4,1.5,1722.0,196611.0,Suburban,12,True,31,False
621,Townhouse,1,2.0,1627.0,414331.0,Suburban,16,True,58,False
622,Apartment,3,1.0,854.0,272840.0,Urban,59,True,18,False
623,House,2,1.5,2000.0,190937.0,Urban,32,True,36,True
624,Apartment,1,2.0,1970.0,222343.0,Suburban,33,False,35,False
625,Apartment,1,3.0,2021.0,474352.0,Urban,15,True,20,False
626,Condo,4,2.0,2551.0,296247.0,Suburban,17,False,73,True
627,Condo,2,3.0,1764.0,114210.0,Suburban,21,False,52,False
628,House,2,1.0,1475.0,579704.0,Suburban,47,False,64,True
629,House,3,2.5,2404.0,558315.0,Suburban,5,True,64,True
630,Apartment,4,2.0,1884.0,424699.0,Urban,10,False,16,True
631,House,4,2.0,1399.0,158768.0,Suburban,8,False,55,True
632,House,3,2.0,1742.0,208433.0,Suburban,14,True,25,False
633,Townhouse,3,1.5,1521.0,562663.0,Suburban,44,True,6,True
634,House,3,2.0,1534.0,199251.0,Suburban,40,True,45,False
635,Condo,4,2.0,2955.0,642322.0,Suburban,16,False,21,True
636,Apartment,2,2.0,2086.0,100000.0,Suburban,5,True,15,True
637,Townhouse,2,2.0,966.0,336114.0,Suburban,24,False,4,True
638,Townhouse,2,2.0,2142.0,370240.0,Urban,19,False,29,False
639,House,3,2.5,1467.0,346371.0,Suburban,21,True,2,True
640,Condo,2,2.5,2453.0,380698.0,Suburban,29,True,23,False
641,Apartment,1,2.5,2284.0,197976.0,Urban,27,True,54,True
642,House,5,1.0,1051.0,,Suburban,11,True,18,False
643,Apartment,2,2.0,1431.0,318189.0,Rural,14,True,56,False
644,House,4,3.0,1625.0,403029.0,Suburban,35,False,52,True
645,House,3,2.0,2685.0,,Suburban,23,True,25,False
646,Apartment,2,2.0,2255.0,112704.0,Suburban,9,False,42,False
647,Apartment,1,2.5,2030.0,241835.0,Urban,11,False,14,False
648,House,4,3.0,2518.0,227879.0,Urban,56,True,40,True
649,Apartment,4,3.0,1382.0,100000.0,Suburban,18,True,75,True
650,House,2,1.5,3104.0,100000.0,Suburban,32,False,64,True
651,Townhouse,3,1.0,1280.0,155240.0,Rural,7,True,27,False
652,House,3,2.0,1479.0,139733.0,Rural,20,True,80,True
653,Apartment,4,2.0,,927895.0,Urban,0,True,2,True
654,Apartment,3,2.5,1540.0,157478.0,Urban,28,True,32,True
655,House,2,2.0,2097.0,334336.0,Urban,9,True,31,True
656,House,3,1.0,821.0,368142.0,Rural,23,True,19,True
657,Apartment,3,1.5,1462.0,251495.0,Urban,100,True,14,False
658,House,2,1.0,2124.0,367673.0,Suburban,27,False,14,False
659,Condo,3,2.5,1122.0,246458.0,Urban,18,False,26,True
660,Apartment,5,1.0,608.0,157097.0,Suburban,23,True,61,False
661,House,4,2.0,1965.0,235232.0,Suburban,33,False,18,False
662,Townhouse,3,1.5,2941.0,423069.0,Suburban,8,True,30,False
663,House,1,2.0,1436.0,147553.0,Suburban,14,True,47,False
664,House,1,1.5,1612.0,377450.0,Suburban,31,False,59,False
665,Apartment,3,2.5,2103.0,262747.0,Suburban,66,True,24,False
666,Apartment,1,1.5,1663.0,551679.0,Suburban,30,False,28,False
667,Apartment,3,2.5,2380.0,318605.0,Suburban,5,True,43,False
668,House,2,2.0,2266.0,253385.0,Suburban,31,True,56,False
669,House,2,2.0,676.0,256969.0,Urban,48,True,28,False
670,Townhouse,1,2.0,986.0,384094.0,Rural,32,False,19,False
671,Condo,2,2.0,1239.0,444148.0,Suburban,13,False,82,False
672,House,3,2.0,1677.0,100000.0,Urban,32,True,53,True
673,House,3,3.0,2316.0,113754.0,Suburban,27,True,25,True
674,Condo,1,2.0,1666.0,557592.0,Urban,14,True,49,True
675,Condo,1,2.5,1110.0,,Suburban,29,True,74,False
676,House,3,2.5,1865.0,652792.0,Rural,19,True,50,True
677,Apartment,4,1.0,687.0,499107.0,Suburban,30,True,23,False
678,Apartment,3,2.0,1701.0,,Suburban,11,False,20,True
679,Apartment,2,1.0,2681.0,365823.0,Suburban,12,True,47,True
680,Condo,3,2.5,,475354.0,Suburban,85,False,23,False
681,Apartment,2,2.0,1877.0,192906.0,Urban,16,True,25,False
682,Apartment,4,2.0,1587.0,444835.0,Urban,33,True,21,False
683,House,2,2.0,500.0,236940.0,Suburban,4,True,29,False
684,House,2,2.0,1129.0,195651.0,Suburban,18,False,71,False
685,Condo,2,3.0,1522.0,579364.0,Urban,4,True,13,False
686,Townhouse,3,2.0,2255.0,273425.0,Rural,14,True,90,True
687,House,3,2.5,1583.0,,Urban,36,True,35,True
688,Apartment,3,3.0,2308.0,345136.0,Urban,30,False,28,True
689,Apartment,5,2.5,3079.0,100000.0,Urban,4,True,10,False
690,House,2,2.5,1525.0,136159.0,Suburban,41,False,18,True
691,House,1,1.0,2159.0,373707.0,Suburban,30,True,33,False
692,House,3,1.0,2128.0,,Urban,13,False,22,True
693,Condo,2,2.0,1794.0,256943.0,Rural,50,True,89,False
694,House,5,3.0,1216.0,385547.0,Suburban,34,False,64,False
695,House,4,1.0,,201236.0,Suburban,27,True,55,False
696,House,3,2.5,944.0,174776.0,Rural,20,True,18,False
697,House,3,1.0,1502.0,225502.0,Suburban,11,False,37,False
698,Condo,4,2.0,1959.0,152390.0,Urban,75,True,16,True
699,Apartment,3,2.5,1894.0,614852.0,Suburban,34,True,31,False
700,House,2,1.0,1982.0,454779.0,Urban,32,True,37,True
701,House,3,2.0,2744.0,120946.0,Urban,36,True,15,True
702,Townhouse,2,2.5,981.0,428385.0,Urban,4,True,24,True
703,House,3,2.0,1382.0,251207.0,Suburban,100,False,29,True
704,Condo,1,1.0,2636.0,969670.0,Suburban,27,True,42,False
705,Apartment,2,2.0,1719.0,273022.0,Suburban,32,False,28,False
706,House,2,1.0,2208.0,,Urban,26,True,15,True
707,Apartment,4,1.0,1601.0,241933.0,Rural,24,False,36,True
708,House,3,2.0,2268.0,,Urban,12,True,35,True
709,Condo,3,2.5,1803.0,283472.0,Suburban,44,False,29,False
710,House,2,1.0,1700.0,174959.0,Urban,12,True,157,True
711,Condo,1,2.0,1891.0,100000.0,Urban,18,False,23,True
712,Townhouse,4,2.5,1411.0,553617.0,Rural,43,True,22,False
713,Condo,3,2.0,2456.0,374816.0,Suburban,4,False,4,False
714,Townhouse,1,1.5,2136.0,359025.0,Urban,3,True,26,False
715,House,3,1.5,1668.0,100000.0,Suburban,32,True,6,False
716,Apartment,1,3.0,2158.0,100000.0,Urban,65,False,22,False
717,House,3,1.0,1917.0,100000.0,Suburban,24,True,57,False
718,Apartment,3,2.0,2276.0,,Urban,11,True,54,True
719,Apartment,4,2.5,1286.0,314140.0,Urban,10,False,79,True
720,House,5,1.5,1963.0,,Urban,35,True,63,True
721,Apartment,1,2.5,1397.0,483393.0,Suburban,39,False,47,True
722,House,3,2.0,1522.0,218271.0,Urban,32,True,9,True
723,Apartment,4,2.0,1759.0,794498.0,Suburban,9,True,13,False
724,House,3,3.0,2178.0,341244.0,Suburban,61,False,22,False
725,Townhouse,2,2.0,2157.0,298887.0,Urban,30,False,37,False
726,House,1,3.0,500.0,100731.0,Suburban,9,True,33,False
727,House,3,1.0,1770.0,236572.0,Suburban,0,False,86,False
728,House,2,1.0,1885.0,343740.0,Suburban,98,True,46,True
729,Apartment,1,1.0,1591.0,189010.0,Suburban,24,True,1,True
730,Condo,1,1.0,1393.0,383813.0,Urban,42,True,25,False
731,Condo,5,1.5,,180236.0,Urban,2,False,55,False
732,House,4,2.0,1332.0,400786.0,Suburban,33,True,28,True
733,House,5,2.5,1695.0,178011.0,Rural,10,True,37,True
734,House,4,2.0,971.0,217760.0,Urban,31,False,19,False
735,House,3,1.0,,240301.0,Rural,39,True,56,True
736,Condo,3,1.0,1927.0,107061.0,Suburban,10,False,33,True
737,Condo,4,2.0,2108.0,115452.0,Urban,15,True,57,False
738,Apartment,4,1.5,1807.0,202075.0,Rural,4,False,43,True
739,Condo,3,2.0,1595.0,351259.0,Rural,52,True,57,True
740,Apartment,1,1.5,1877.0,100000.0,Urban,33,False,18,False
741,House,1,2.0,1987.0,786325.0,Rural,29,False,10,True
742,Apartment,3,3.0,2134.0,100000.0,Urban,36,True,32,False
743,House,1,3.0,,251715.0,Suburban,26,True,38,True
744,Apartment,3,2.5,1571.0,100000.0,Urban,18,True,72,True
745,Apartment,5,1.5,1644.0,571248.0,Suburban,15,True,2,False
746,Apartment,1,2.5,2335.0,286751.0,Urban,42,True,13,False
747,Apartment,2,1.0,1609.0,206427.0,Suburban,26,True,26,True
748,Condo,4,2.0,707.0,,Suburban,22,False,23,False
749,Townhouse,3,2.5,2004.0,365748.0,Suburban,22,False,32,False
750,Condo,2,2.0,2695.0,311714.0,Rural,42,False,11,True
751,Condo,2,1.5,1511.0,456294.0,Urban,70,True,35,True
752,House,4,2.0,500.0,735642.0,Suburban,44,False,61,True
753,Apartment,3,2.5,893.0,559419.0,Rural,30,True,13,False
754,Apartment,3,2.0,1230.0,201954.0,Suburban,100,False,84,False
755,Condo,2,1.5,1294.0,478706.0,Suburban,16,True,25,False
756,House,3,1.0,2524.0,243216.0,Urban,5,False,18,True
757,Apartment,4,1.5,2382.0,178830.0,Rural,16,True,42,True
758,Apartment,2,1.0,2871.0,480162.0,Urban,28,False,70,False
759,House,2,3.0,2625.0,100000.0,Urban,21,True,30,False
760,Apartment,3,2.0,2001.0,897883.0,Urban,11,True,62,False
761,Townhouse,3,3.0,1753.0,255930.0,Suburban,26,False,23,True
762,Condo,2,2.0,1019.0,100000.0,Urban,23,True,69,False
763,Apartment,3,2.0,791.0,272477.0,Rural,8,False,41,True
764,Condo,3,3.0,1543.0,278063.0,Urban,4,False,8,True
765,Condo,2,3.0,799.0,293445.0,Urban,58,True,17,True
766,Condo,1,3.0,2696.0,271569.0,Suburban,17,False,58,True
767,Condo,2,2.0,1640.0,262024.0,Suburban,38,True,19,False
768,Condo,4,2.0,1835.0,208620.0,Rural,40,False,50,True
769,Condo,2,2.0,2329.0,378532.0,Urban,17,False,69,True
770,Apartment,4,2.0,1947.0,243688.0,Suburban,53,False,74,False
771,Apartment,3,2.0,798.0,223110.0,Urban,4,True,45,True
772,House,4,1.0,1505.0,369227.0,Suburban,36,True,74,False
773,Apartment,2,2.5,1162.0,100000.0,Urban,4,True,45,True
774,Apartment,2,2.0,2175.0,247155.0,Urban,20,True,31,False
775,House,2,2.0,1829.0,100000.0,Suburban,2,True,34,False
776,House,2,1.5,1636.0,496998.0,Urban,4,True,64,False
777,Condo,2,2.0,1789.0,268495.0,Suburban,11,False,31,True
778,House,4,2.0,1659.0,161165.0,Suburban,39,True,20,False
779,Townhouse,5,2.0,1259.0,537473.0,Urban,63,False,37,True
780,Condo,2,2.0,1497.0,121231.0,Suburban,14,True,2,False
781,Apartment,2,1.5,1232.0,100000.0,Urban,29,True,9,False
782,Condo,3,2.0,2032.0,151780.0,Suburban,93,False,70,False
783,Apartment,3,1.5,2258.0,376093.0,Suburban,14,False,31,True
784,Apartment,1,2.0,1036.0,272250.0,Suburban,32,False,70,False
785,Apartment,2,2.5,2772.0,118760.0,Urban,26,False,17,False
786,House,4,2.5,2536.0,538025.0,Urban,32,False,95,True
787,Condo,1,2.5,1068.0,405865.0,Suburban,9,True,8,False
788,Condo,2,1.5,1775.0,455642.0,Suburban,14,True,72,False
789,Apartment,5,2.0,1226.0,268435.0,Urban,23,True,26,False
790,House,2,2.0,1365.0,574092.0,Suburban,38,True,83,True
791,House,4,2.0,500.0,150468.0,Suburban,31,True,45,False
792,Apartment,4,2.0,500.0,230808.0,Urban,76,False,24,True
793,House,3,2.5,1694.0,544848.0,Suburban,5,False,61,True
794,Apartment,3,1.0,2084.0,302048.0,Suburban,17,False,53,True
795,House,5,2.0,1335.0,499853.0,Suburban,12,True,93,True
796,Apartment,5,2.0,1611.0,207534.0,Suburban,17,True,49,False
797,Apartment,3,2.0,,171663.0,Suburban,42,True,61,False
798,Condo,3,1.0,2664.0,367765.0,Urban,17,False,30,False
799,House,4,2.0,2151.0,100000.0,Urban,40,False,44,False
800,Townhouse,1,2.0,2006.0,,Suburban,21,True,36,False
